{
  "analysis_date": "2026-03-13 15:30:36",
  "total_restaurants": 200,
  "total_reviews": 9955,
  "clusters_identified": 5,
  "avg_sentiment": 0.0026947487768440707,
  "avg_cost": 700.0,
  "avg_rating": 3.6018905398523042
}